{"cameraMode":{"drawMode":0,"name":"Shaded","section":"Shading Mode"},"sceneLighting":true,"audioPlay":false,"sceneViewState":{"showFog":true,"showMaterialUpdate":false,"showSkybox":true,"showFlares":true,"showImageEffects":true,"showParticleSystems":true},"in2DMode":false,"pivot":{"x":-0.9874753355979919,"y":-3.861255407333374,"z":-6.320165157318115},"rotation":{"x":-0.2259259968996048,"y":0.12438847124576569,"z":-0.029099946841597558,"w":-0.9657323360443115},"size":10.0,"orthographic":false}